UID,Player Nickname,Player Level,Player Signature,Character Name,Character Level,Character Ascension,Character Friendship,Character Constellations,Weapon Name,Weapon Level,Weapon Ascension,Weapon Refinement,Weapon Stars,Talent NA Level,Talent Skill Level,Talent Burst Level,HP,ATK,DEF,Crit Rate,Crit DMG,Energy Recharge,Elemental Mastery,Healing Bonus,Physical DMG Bonus,Pyro DMG Bonus,Hydro DMG Bonus,Anemo DMG Bonus,Cryo DMG Bonus,Electro DMG Bonus,Dendro DMG Bonus,Artifact Set Bonus,Artifact 1 Set,Artifact 1 Name,Artifact 1 Main Stat Type,Artifact 1 Main Stat Value,Artifact 1 Sub 1,Artifact 1 Sub 2,Artifact 1 Sub 3,Artifact 1 Sub 4,Artifact 2 Set,Artifact 2 Name,Artifact 2 Main Stat Type,Artifact 2 Main Stat Value,Artifact 2 Sub 1,Artifact 2 Sub 2,Artifact 2 Sub 3,Artifact 2 Sub 4,Artifact 3 Set,Artifact 3 Name,Artifact 3 Main Stat Type,Artifact 3 Main Stat Value,Artifact 3 Sub 1,Artifact 3 Sub 2,Artifact 3 Sub 3,Artifact 3 Sub 4,Artifact 4 Set,Artifact 4 Name,Artifact 4 Main Stat Type,Artifact 4 Main Stat Value,Artifact 4 Sub 1,Artifact 4 Sub 2,Artifact 4 Sub 3,Artifact 4 Sub 4,Artifact 5 Set,Artifact 5 Name,Artifact 5 Main Stat Type,Artifact 5 Main Stat Value,Artifact 5 Sub 1,Artifact 5 Sub 2,Artifact 5 Sub 3,Artifact 5 Sub 4
618867267,Amari,57,Best wishes~~,Ganyu,90,6,10,0,Prototype Crescent,90,6,4,4,10,5,8,15622.359375,2000.6544189453125,798.8961181640625,43.1%,205.8%,120.1%,63,0.0%,0.0%,0.0%,0.0%,0.0%,61.6%,0.0%,0.0%,Blizzard Strayer x4,Blizzard Strayer,Snowswept Memory,FIGHT_PROP_HP,4780.0,FIGHT_PROP_DEFENSE+53.0,FIGHT_PROP_ATTACK+39.0,FIGHT_PROP_CRITICAL_HURT+21.8,FIGHT_PROP_ATTACK_PERCENT+4.1,Blizzard Strayer,Icebreaker's Resolve,FIGHT_PROP_ATTACK,311.0,FIGHT_PROP_CRITICAL_HURT+19.4,FIGHT_PROP_HP+448.0,FIGHT_PROP_CHARGE_EFFICIENCY+5.2,FIGHT_PROP_CRITICAL+10.5,Heart of Depth,Copper Compass,FIGHT_PROP_ATTACK_PERCENT,46.6,FIGHT_PROP_ELEMENT_MASTERY+40.0,FIGHT_PROP_CRITICAL_HURT+14.0,FIGHT_PROP_CRITICAL+13.2,FIGHT_PROP_ATTACK+14.0,Blizzard Strayer,Frost-Weaved Dignity,FIGHT_PROP_ICE_ADD_HURT,46.6,FIGHT_PROP_DEFENSE+79.0,FIGHT_PROP_CRITICAL+3.5,FIGHT_PROP_ELEMENT_MASTERY+23.0,FIGHT_PROP_HP+598.0,Blizzard Strayer,Broken Rime's Echo,FIGHT_PROP_CRITICAL_HURT,62.2,FIGHT_PROP_DEFENSE_PERCENT+5.8,FIGHT_PROP_ATTACK+16.0,FIGHT_PROP_CRITICAL+10.9,FIGHT_PROP_CHARGE_EFFICIENCY+14.9
618867267,Amari,57,Best wishes~~,Raiden Shogun,90,6,10,0,"""The Catch""",90,6,5,4,4,8,9,23290.759765625,2154.41748046875,807.825439453125,47.4%,133.9%,231.6%,51,0.0%,0.0%,0.0%,0.0%,0.0%,0.0%,52.6%,0.0%,Emblem of Severed Fate x4,Emblem of Severed Fate,Magnificent Tsuba,FIGHT_PROP_HP,4780.0,FIGHT_PROP_ATTACK_PERCENT+10.5,FIGHT_PROP_CRITICAL+6.2,FIGHT_PROP_HP_PERCENT+17.5,FIGHT_PROP_CHARGE_EFFICIENCY+9.1,Emblem of Severed Fate,Sundered Feather,FIGHT_PROP_ATTACK,311.0,FIGHT_PROP_ATTACK_PERCENT+9.9,FIGHT_PROP_CRITICAL_HURT+14.8,FIGHT_PROP_CRITICAL+2.7,FIGHT_PROP_HP_PERCENT+15.7,Emblem of Severed Fate,Storm Cage,FIGHT_PROP_ATTACK_PERCENT,46.6,FIGHT_PROP_DEFENSE+19.0,FIGHT_PROP_CHARGE_EFFICIENCY+14.9,FIGHT_PROP_HP+538.0,FIGHT_PROP_CRITICAL+10.1,Emblem of Severed Fate,Scarlet Vessel,FIGHT_PROP_ATTACK_PERCENT,46.6,FIGHT_PROP_CRITICAL+12.4,FIGHT_PROP_CRITICAL_HURT+7.0,FIGHT_PROP_ELEMENT_MASTERY+16.0,FIGHT_PROP_CHARGE_EFFICIENCY+9.7,Song of Days Past,Poetry of Days Past,FIGHT_PROP_CRITICAL_HURT,62.2,FIGHT_PROP_ELEMENT_MASTERY+35.0,FIGHT_PROP_HP+777.0,FIGHT_PROP_ATTACK_PERCENT+4.1,FIGHT_PROP_CRITICAL+10.9
618867267,Amari,57,Best wishes~~,Furina,90,6,10,0,Fleuve Cendre Ferryman,80,5,3,4,1,8,8,"5,079",393,39,56.5%,154.9%,156.8%,112,0.0%,0.0%,0.0%,0.0%,0.0%,0.0%,0.0%,0.0%,Golden Troupe x4,Golden Troupe,Golden Song's Variation,FIGHT_PROP_HP,4780.0,FIGHT_PROP_ELEMENT_MASTERY+40.0,FIGHT_PROP_CRITICAL_HURT+11.7,FIGHT_PROP_CRITICAL+10.5,FIGHT_PROP_ATTACK+19.0,Golden Troupe,Golden Bird's Shedding,FIGHT_PROP_ATTACK,311.0,FIGHT_PROP_CRITICAL+9.3,FIGHT_PROP_HP_PERCENT+13.4,FIGHT_PROP_HP+299.0,FIGHT_PROP_DEFENSE_PERCENT+5.8,Golden Troupe,Golden Era's Prelude,FIGHT_PROP_HP_PERCENT,46.6,FIGHT_PROP_CRITICAL+2.7,FIGHT_PROP_CHARGE_EFFICIENCY+10.4,FIGHT_PROP_DEFENSE+39.0,FIGHT_PROP_CRITICAL_HURT+17.9,Golden Troupe,Golden Night's Bustle,FIGHT_PROP_HP_PERCENT,46.6,FIGHT_PROP_ELEMENT_MASTERY+33.0,FIGHT_PROP_DEFENSE_PERCENT+10.9,FIGHT_PROP_ATTACK+29.0,FIGHT_PROP_CRITICAL_HURT+13.2,Wanderer's Troupe,Conductor's Top Hat,FIGHT_PROP_CRITICAL_HURT,62.2,FIGHT_PROP_ELEMENT_MASTERY+40.0,FIGHT_PROP_ATTACK+33.0,FIGHT_PROP_CHARGE_EFFICIENCY+4.5,FIGHT_PROP_CRITICAL+9.7
618867267,Amari,57,Best wishes~~,Xiangling,80,5,10,3,Dragon's Bane,80,5,2,4,4,5,11,17972.19921875,1230.440673828125,816.0712280273438,42.7%,105.2%,182.8%,273,0.0%,0.0%,46.6%,0.0%,0.0%,0.0%,0.0%,0.0%,Emblem of Severed Fate x4,Emblem of Severed Fate,Magnificent Tsuba,FIGHT_PROP_HP,4780.0,FIGHT_PROP_DEFENSE+65.0,FIGHT_PROP_ATTACK+31.0,FIGHT_PROP_CRITICAL_HURT+7.0,FIGHT_PROP_CRITICAL+6.6,Emblem of Severed Fate,Sundered Feather,FIGHT_PROP_ATTACK,311.0,FIGHT_PROP_CRITICAL_HURT+7.0,FIGHT_PROP_HP+239.0,FIGHT_PROP_HP_PERCENT+23.9,FIGHT_PROP_ATTACK_PERCENT+9.9,Emblem of Severed Fate,Storm Cage,FIGHT_PROP_CHARGE_EFFICIENCY,51.8,FIGHT_PROP_ATTACK_PERCENT+16.3,FIGHT_PROP_ATTACK+33.0,FIGHT_PROP_DEFENSE_PERCENT+13.9,FIGHT_PROP_CRITICAL_HURT+6.2,Gladiator's Finale,Gladiator's Intoxication,FIGHT_PROP_FIRE_ADD_HURT,46.6,FIGHT_PROP_DEFENSE+16.0,FIGHT_PROP_CHARGE_EFFICIENCY+11.0,FIGHT_PROP_CRITICAL_HURT+22.5,FIGHT_PROP_ATTACK_PERCENT+11.1,Emblem of Severed Fate,Ornate Kabuto,FIGHT_PROP_CRITICAL,31.1,FIGHT_PROP_DEFENSE+60.0,FIGHT_PROP_CRITICAL_HURT+12.4,FIGHT_PROP_ATTACK+31.0,FIGHT_PROP_HP_PERCENT+10.5
618867267,Amari,57,Best wishes~~,Citlali,70,4,5,0,Sacrificial Fragments,80,5,2,4,1,5,2,"5,826",346,16,5.0%,50.0%,156.4%,900,0.0%,0.0%,0.0%,0.0%,0.0%,0.0%,0.0%,0.0%,Scroll of the Hero of Cinder City x4,Scroll of the Hero of Cinder City,Beast Tamer's Talisman,FIGHT_PROP_HP,4780.0,FIGHT_PROP_ELEMENT_MASTERY+58.0,FIGHT_PROP_ATTACK_PERCENT+4.7,FIGHT_PROP_CHARGE_EFFICIENCY+9.1,FIGHT_PROP_DEFENSE_PERCENT+13.1,Scroll of the Hero of Cinder City,Mountain Ranger's Marker,FIGHT_PROP_ATTACK,311.0,FIGHT_PROP_HP+269.0,FIGHT_PROP_CHARGE_EFFICIENCY+19.4,FIGHT_PROP_ELEMENT_MASTERY+23.0,FIGHT_PROP_ATTACK_PERCENT+14.0,Scroll of the Hero of Cinder City,Mystic's Gold Dial,FIGHT_PROP_ELEMENT_MASTERY,187.0,FIGHT_PROP_HP+508.0,FIGHT_PROP_CHARGE_EFFICIENCY+11.0,FIGHT_PROP_DEFENSE_PERCENT+19.0,FIGHT_PROP_DEFENSE+16.0,Deepwood Memories,Lamp of the Lost,FIGHT_PROP_ELEMENT_MASTERY,187.0,FIGHT_PROP_CHARGE_EFFICIENCY+5.8,FIGHT_PROP_HP_PERCENT+11.1,FIGHT_PROP_DEFENSE_PERCENT+19.0,FIGHT_PROP_ATTACK+35.0,Scroll of the Hero of Cinder City,Demon-Warrior's Feather Mask,FIGHT_PROP_ELEMENT_MASTERY,187.0,FIGHT_PROP_CHARGE_EFFICIENCY+11.0,FIGHT_PROP_ATTACK_PERCENT+14.6,FIGHT_PROP_HP+269.0,FIGHT_PROP_DEFENSE_PERCENT+13.9
618867267,Amari,57,Best wishes~~,Nicole,80,5,5,0,Flowing Purity,70,4,1,4,1,6,4,16774.58203125,2532.739013671875,704.4005737304688,22.5%,50.0%,148.5%,16,0.0%,0.0%,0.0%,0.0%,0.0%,0.0%,0.0%,0.0%,Celestial Gift x4,Celestial Gift,Heavensent Fragrance,FIGHT_PROP_HP,4780.0,FIGHT_PROP_ATTACK_PERCENT+20.4,FIGHT_PROP_DEFENSE_PERCENT+12.4,FIGHT_PROP_CHARGE_EFFICIENCY+5.8,FIGHT_PROP_ELEMENT_MASTERY+16.0,Celestial Gift,Heavensent Demise,FIGHT_PROP_ATTACK,258.0,FIGHT_PROP_DEFENSE_PERCENT+21.1,FIGHT_PROP_HP_PERCENT+4.1,FIGHT_PROP_ATTACK_PERCENT+5.3,FIGHT_PROP_HP+239.0,Unfinished Reverie,Moment of Attainment,FIGHT_PROP_ATTACK_PERCENT,46.6,FIGHT_PROP_CRITICAL+3.9,FIGHT_PROP_CHARGE_EFFICIENCY+5.2,FIGHT_PROP_ATTACK+62.0,FIGHT_PROP_HP+538.0,Celestial Gift,Heavensent Reward,FIGHT_PROP_ATTACK_PERCENT,40.7,FIGHT_PROP_CHARGE_EFFICIENCY+12.3,FIGHT_PROP_HP_PERCENT+9.3,FIGHT_PROP_DEFENSE+19.0,FIGHT_PROP_ATTACK+51.0,Celestial Gift,Heavensent Crown,FIGHT_PROP_ATTACK_PERCENT,38.7,FIGHT_PROP_HP_PERCENT+8.7,FIGHT_PROP_CRITICAL+13.6,FIGHT_PROP_CHARGE_EFFICIENCY+5.2,FIGHT_PROP_DEFENSE+23.0
618867267,Amari,57,Best wishes~~,Sucrose,80,5,6,6,Sacrificial Fragments,70,4,1,4,1,8,7,"4,989",329,29,8.1%,97.7%,158.9%,601,0.0%,0.0%,0.0%,0.0%,67.8%,0.0%,0.0%,0.0%,Viridescent Venerer x4,Viridescent Venerer,In Remembrance of Viridescent Fields,FIGHT_PROP_HP,4780.0,FIGHT_PROP_DEFENSE+16.0,FIGHT_PROP_ELEMENT_MASTERY+21.0,FIGHT_PROP_CHARGE_EFFICIENCY+22.7,FIGHT_PROP_CRITICAL_HURT+14.8,Viridescent Venerer,Viridescent Arrow Feather,FIGHT_PROP_ATTACK,311.0,FIGHT_PROP_HP+209.0,FIGHT_PROP_CHARGE_EFFICIENCY+6.5,FIGHT_PROP_HP_PERCENT+9.9,FIGHT_PROP_ELEMENT_MASTERY+89.0,Viridescent Venerer,Viridescent Venerer's Determination,FIGHT_PROP_ELEMENT_MASTERY,187.0,FIGHT_PROP_CHARGE_EFFICIENCY+18.8,FIGHT_PROP_HP_PERCENT+5.3,FIGHT_PROP_ATTACK_PERCENT+10.5,FIGHT_PROP_CRITICAL_HURT+14.8,Viridescent Venerer,Viridescent Venerer's Vessel,FIGHT_PROP_WIND_ADD_HURT,34.8,FIGHT_PROP_DEFENSE+13.0,FIGHT_PROP_ATTACK_PERCENT+18.2,FIGHT_PROP_CRITICAL+3.1,FIGHT_PROP_CRITICAL_HURT+5.0,Viridescent Venerer,Viridescent Venerer's Diadem,FIGHT_PROP_ELEMENT_MASTERY,123.0,FIGHT_PROP_ATTACK_PERCENT+4.7,FIGHT_PROP_CRITICAL_HURT+13.2,FIGHT_PROP_ATTACK+18.0,FIGHT_PROP_CHARGE_EFFICIENCY+11.0
618867267,Amari,57,Best wishes~~,Kinich,80,5,10,0,Earth Shaker,90,6,1,4,1,8,5,18776.5078125,2255.755615234375,869.7478637695312,29.5%,198.5%,104.5%,79,0.0%,0.0%,0.0%,0.0%,0.0%,0.0%,0.0%,46.6%,Obsidian Codex x4,Obsidian Codex,Reckoning of the Xenogenic,FIGHT_PROP_HP,4780.0,FIGHT_PROP_HP_PERCENT+4.7,FIGHT_PROP_ATTACK_PERCENT+23.3,FIGHT_PROP_CRITICAL_HURT+6.2,FIGHT_PROP_CRITICAL+6.6,Obsidian Codex,Root of the Spirit-Marrow,FIGHT_PROP_ATTACK,311.0,FIGHT_PROP_HP+299.0,FIGHT_PROP_ELEMENT_MASTERY+58.0,FIGHT_PROP_CRITICAL+7.4,FIGHT_PROP_ATTACK_PERCENT+9.3,Obsidian Codex,Myths of the Night Realm,FIGHT_PROP_ATTACK_PERCENT,46.6,FIGHT_PROP_HP_PERCENT+11.1,FIGHT_PROP_DEFENSE+44.0,FIGHT_PROP_CRITICAL_HURT+22.5,FIGHT_PROP_DEFENSE_PERCENT+5.1,Obsidian Codex,Pre-Banquet of the Contenders,FIGHT_PROP_GRASS_ADD_HURT,46.6,FIGHT_PROP_CRITICAL_HURT+28.7,FIGHT_PROP_HP+568.0,FIGHT_PROP_ATTACK_PERCENT+5.3,FIGHT_PROP_CHARGE_EFFICIENCY+4.5,Obsidian Codex,Crown of the Saints,FIGHT_PROP_CRITICAL_HURT,62.2,FIGHT_PROP_ATTACK_PERCENT+14.6,FIGHT_PROP_DEFENSE_PERCENT+11.7,FIGHT_PROP_CRITICAL+10.5,FIGHT_PROP_ELEMENT_MASTERY+21.0
618867267,Amari,57,Best wishes~~,Durin,80,5,3,0,Wolf-Fang,90,6,1,4,1,6,8,18167.396484375,1995.568115234375,839.2545776367188,59.3%,106.0%,125.9%,40,0.0%,0.0%,46.6%,0.0%,0.0%,0.0%,0.0%,0.0%,A Day Carved From Rising Winds x4,A Day Carved From Rising Winds,Windborne Flower's Spruchdichtung,FIGHT_PROP_HP,4780.0,FIGHT_PROP_CHARGE_EFFICIENCY+9.7,FIGHT_PROP_CRITICAL+6.6,FIGHT_PROP_HP_PERCENT+5.3,FIGHT_PROP_ATTACK_PERCENT+14.0,A Day Carved From Rising Winds,Dawn's Brilliant Oath,FIGHT_PROP_ATTACK,311.0,FIGHT_PROP_ATTACK_PERCENT+15.7,FIGHT_PROP_DEFENSE+19.0,FIGHT_PROP_CRITICAL+8.6,FIGHT_PROP_HP+209.0,A Day Carved From Rising Winds,A Note in Spring's Leich,FIGHT_PROP_ATTACK_PERCENT,46.6,FIGHT_PROP_CRITICAL+7.4,FIGHT_PROP_CRITICAL_HURT+6.2,FIGHT_PROP_CHARGE_EFFICIENCY+16.2,FIGHT_PROP_HP_PERCENT+11.7,Deepwood Memories,Lamp of the Lost,FIGHT_PROP_FIRE_ADD_HURT,46.6,FIGHT_PROP_ATTACK_PERCENT+10.5,FIGHT_PROP_CRITICAL_HURT+21.0,FIGHT_PROP_ELEMENT_MASTERY+40.0,FIGHT_PROP_DEFENSE_PERCENT+13.1,A Day Carved From Rising Winds,Minnesang of Love and Lament,FIGHT_PROP_CRITICAL,4.2,FIGHT_PROP_HP_PERCENT+3.3,FIGHT_PROP_ATTACK+14.0,,
618867267,Amari,57,Best wishes~~,Mavuika,80,5,6,0,Serpent Spine,90,6,1,4,1,6,8,"5,288",311,79,59.8%,173.6%,116.8%,282,0.0%,0.0%,46.6%,0.0%,0.0%,0.0%,0.0%,0.0%,Obsidian Codex x4,Obsidian Codex,Reckoning of the Xenogenic,FIGHT_PROP_HP,4780.0,FIGHT_PROP_DEFENSE+79.0,FIGHT_PROP_CRITICAL_HURT+13.2,FIGHT_PROP_CRITICAL+3.5,FIGHT_PROP_HP_PERCENT+4.7,Obsidian Codex,Root of the Spirit-Marrow,FIGHT_PROP_ATTACK,311.0,FIGHT_PROP_HP_PERCENT+5.8,FIGHT_PROP_CRITICAL+7.0,FIGHT_PROP_CRITICAL_HURT+28.8,FIGHT_PROP_DEFENSE_PERCENT+12.4,Obsidian Codex,Myths of the Night Realm,FIGHT_PROP_ELEMENT_MASTERY,187.0,FIGHT_PROP_CRITICAL+7.4,FIGHT_PROP_CRITICAL_HURT+25.6,FIGHT_PROP_ATTACK_PERCENT+5.3,FIGHT_PROP_HP_PERCENT+11.1,Golden Troupe,Golden Night's Bustle,FIGHT_PROP_FIRE_ADD_HURT,46.6,FIGHT_PROP_ELEMENT_MASTERY+35.0,FIGHT_PROP_CRITICAL+6.2,FIGHT_PROP_HP+209.0,FIGHT_PROP_CRITICAL_HURT+27.2,Obsidian Codex,Crown of the Saints,FIGHT_PROP_ATTACK_PERCENT,46.6,FIGHT_PROP_ELEMENT_MASTERY+61.0,FIGHT_PROP_CHARGE_EFFICIENCY+16.8,FIGHT_PROP_HP+299.0,FIGHT_PROP_CRITICAL+3.1
618867267,Amari,57,Best wishes~~,Xingqiu,80,5,10,5,Sacrificial Sword,90,6,5,4,3,10,8,17879.28515625,1472.9378662109375,819.956298828125,51.6%,119.2%,181.3%,58,0.0%,0.0%,0.0%,66.6%,0.0%,0.0%,0.0%,0.0%,Emblem of Severed Fate x4,Emblem of Severed Fate,Magnificent Tsuba,FIGHT_PROP_HP,4780.0,FIGHT_PROP_CRITICAL_HURT+25.6,FIGHT_PROP_HP_PERCENT+8.2,FIGHT_PROP_ATTACK_PERCENT+8.7,FIGHT_PROP_ATTACK+18.0,Emblem of Severed Fate,Sundered Feather,FIGHT_PROP_ATTACK,311.0,FIGHT_PROP_DEFENSE_PERCENT+13.9,FIGHT_PROP_DEFENSE+35.0,FIGHT_PROP_CRITICAL_HURT+17.1,FIGHT_PROP_ELEMENT_MASTERY+16.0,Emblem of Severed Fate,Storm Cage,FIGHT_PROP_ATTACK_PERCENT,46.6,FIGHT_PROP_HP_PERCENT+14.6,FIGHT_PROP_CRITICAL_HURT+13.2,FIGHT_PROP_ATTACK+14.0,FIGHT_PROP_CRITICAL+6.6,Emblem of Severed Fate,Scarlet Vessel,FIGHT_PROP_WATER_ADD_HURT,46.6,FIGHT_PROP_HP_PERCENT+9.3,FIGHT_PROP_ATTACK_PERCENT+5.3,FIGHT_PROP_HP+448.0,FIGHT_PROP_CRITICAL+8.9,Shimenawa's Reminiscence,Capricious Visage,FIGHT_PROP_CRITICAL,31.1,FIGHT_PROP_ELEMENT_MASTERY+42.0,FIGHT_PROP_HP+687.0,FIGHT_PROP_DEFENSE+21.0,FIGHT_PROP_CRITICAL_HURT+13.2
618867267,Amari,57,Best wishes~~,Bennett,80,5,10,5,Sacrificial Sword,80,5,1,4,4,8,11,25697.8515625,1165.8272705078125,702.0328979492188,23.3%,78.0%,232.2%,75,35.9%,0.0%,0.0%,0.0%,0.0%,0.0%,0.0%,0.0%,Noblesse Oblige x4,Noblesse Oblige,Royal Flora,FIGHT_PROP_HP,4780.0,FIGHT_PROP_ATTACK+43.0,FIGHT_PROP_CRITICAL+11.3,FIGHT_PROP_CHARGE_EFFICIENCY+4.5,FIGHT_PROP_DEFENSE+19.0,Noblesse Oblige,Royal Plume,FIGHT_PROP_ATTACK,311.0,FIGHT_PROP_HP_PERCENT+9.9,FIGHT_PROP_CRITICAL+7.0,FIGHT_PROP_ATTACK_PERCENT+10.5,FIGHT_PROP_HP+508.0,Wanderer's Troupe,Concert's Final Hour,FIGHT_PROP_CHARGE_EFFICIENCY,51.8,FIGHT_PROP_ATTACK_PERCENT+16.9,FIGHT_PROP_HP_PERCENT+9.9,FIGHT_PROP_ELEMENT_MASTERY+19.0,FIGHT_PROP_HP+568.0,Noblesse Oblige,Royal Silver Urn,FIGHT_PROP_HP_PERCENT,46.6,FIGHT_PROP_ATTACK_PERCENT+5.8,FIGHT_PROP_CRITICAL_HURT+28.0,FIGHT_PROP_HP+448.0,FIGHT_PROP_ATTACK+19.0,Noblesse Oblige,Royal Masque,FIGHT_PROP_HEAL_ADD,35.9,FIGHT_PROP_ELEMENT_MASTERY+56.0,FIGHT_PROP_ATTACK+33.0,FIGHT_PROP_HP+598.0,FIGHT_PROP_HP_PERCENT+4.7
618867267,Amari,57,Best wishes~~,Neuvillette,90,6,9,0,Prototype Amber,90,6,1,4,8,6,7,40187.546875,1101.13330078125,676.8801879882812,33.0%,184.0%,100.0%,196,0.0%,0.0%,0.0%,46.6%,0.0%,0.0%,0.0%,0.0%,Marechaussee Hunter x4,Marechaussee Hunter,Hunter's Brooch,FIGHT_PROP_HP,4780.0,FIGHT_PROP_CRITICAL_HURT+7.8,FIGHT_PROP_HP_PERCENT+23.9,FIGHT_PROP_CRITICAL+3.9,FIGHT_PROP_ATTACK_PERCENT+4.1,Marechaussee Hunter,Masterpiece's Overture,FIGHT_PROP_ATTACK,311.0,FIGHT_PROP_HP+538.0,FIGHT_PROP_ATTACK_PERCENT+4.1,FIGHT_PROP_CRITICAL+10.1,FIGHT_PROP_HP_PERCENT+9.9,Marechaussee Hunter,Moment of Judgment,FIGHT_PROP_HP_PERCENT,46.6,FIGHT_PROP_CRITICAL+3.1,FIGHT_PROP_DEFENSE_PERCENT+10.2,FIGHT_PROP_CRITICAL_HURT+12.4,FIGHT_PROP_ELEMENT_MASTERY+77.0,Marechaussee Hunter,Forgotten Vessel,FIGHT_PROP_WATER_ADD_HURT,46.6,FIGHT_PROP_HP_PERCENT+11.7,FIGHT_PROP_CRITICAL_HURT+13.2,FIGHT_PROP_ATTACK+14.0,FIGHT_PROP_ELEMENT_MASTERY+75.0,Emblem of Severed Fate,Ornate Kabuto,FIGHT_PROP_CRITICAL_HURT,62.2,FIGHT_PROP_CRITICAL+10.9,FIGHT_PROP_DEFENSE+42.0,FIGHT_PROP_ELEMENT_MASTERY+44.0,FIGHT_PROP_HP+568.0
618867267,Amari,57,Best wishes~~,Rosaria,90,6,7,0,Prototype Starglitter,70,4,1,4,4,5,5,17719.54296875,1369.970947265625,892.94677734375,54.8%,112.2%,158.6%,98,0.0%,0.0%,0.0%,0.0%,0.0%,53.7%,0.0%,0.0%,Blizzard Strayer x4,Blizzard Strayer,Snowswept Memory,FIGHT_PROP_HP,3967.0,FIGHT_PROP_CRITICAL_HURT+13.2,FIGHT_PROP_DEFENSE_PERCENT+6.6,FIGHT_PROP_ELEMENT_MASTERY+54.0,FIGHT_PROP_CRITICAL+3.9,Blizzard Strayer,Icebreaker's Resolve,FIGHT_PROP_ATTACK,258.0,FIGHT_PROP_CRITICAL+6.2,FIGHT_PROP_HP+538.0,FIGHT_PROP_DEFENSE+42.0,FIGHT_PROP_ELEMENT_MASTERY+44.0,Blizzard Strayer,Frozen Homeland's Demise,FIGHT_PROP_ATTACK_PERCENT,46.6,FIGHT_PROP_DEFENSE+58.0,FIGHT_PROP_CHARGE_EFFICIENCY+9.1,FIGHT_PROP_HP+209.0,FIGHT_PROP_CRITICAL_HURT+19.4,Deepwood Memories,Lamp of the Lost,FIGHT_PROP_ICE_ADD_HURT,38.7,FIGHT_PROP_CRITICAL_HURT+15.5,FIGHT_PROP_DEFENSE+37.0,FIGHT_PROP_ATTACK+16.0,FIGHT_PROP_CRITICAL+8.6,Blizzard Strayer,Broken Rime's Echo,FIGHT_PROP_CRITICAL,31.1,FIGHT_PROP_CHARGE_EFFICIENCY+11.7,FIGHT_PROP_HP+717.0,FIGHT_PROP_CRITICAL_HURT+14.0,FIGHT_PROP_ATTACK_PERCENT+4.1
618867267,Amari,57,Best wishes~~,Navia,80,5,8,0,"""Ultimate Overlord's Mega Magic Sword""",80,5,5,4,5,8,3,"4,780",344,86,37.7%,187.6%,138.9%,44,0.0%,0.0%,0.0%,0.0%,0.0%,0.0%,0.0%,0.0%,Nighttime Whispers in the Echoing Woods x4,Nighttime Whispers in the Echoing Woods,Selfless Floral Accessory,FIGHT_PROP_HP,4780.0,FIGHT_PROP_DEFENSE_PERCENT+11.7,FIGHT_PROP_CHARGE_EFFICIENCY+11.0,FIGHT_PROP_CRITICAL_HURT+11.7,FIGHT_PROP_CRITICAL+9.7,Nighttime Whispers in the Echoing Woods,Honest Quill,FIGHT_PROP_ATTACK,311.0,FIGHT_PROP_ATTACK_PERCENT+8.2,FIGHT_PROP_CRITICAL_HURT+14.8,FIGHT_PROP_ELEMENT_MASTERY+44.0,FIGHT_PROP_HP_PERCENT+15.2,Nighttime Whispers in the Echoing Woods,Faithful Hourglass,FIGHT_PROP_ATTACK_PERCENT,46.6,FIGHT_PROP_HP_PERCENT+9.3,FIGHT_PROP_CRITICAL+10.1,FIGHT_PROP_CRITICAL_HURT+6.2,FIGHT_PROP_DEFENSE_PERCENT+13.9,Golden Troupe,Golden Night's Bustle,FIGHT_PROP_ROCK_ADD_HURT,46.6,FIGHT_PROP_CRITICAL+10.1,FIGHT_PROP_ATTACK+18.0,FIGHT_PROP_DEFENSE_PERCENT+17.5,FIGHT_PROP_CRITICAL_HURT+14.0,Nighttime Whispers in the Echoing Woods,Compassionate Ladies' Hat,FIGHT_PROP_CRITICAL_HURT,62.2,FIGHT_PROP_ATTACK+16.0,FIGHT_PROP_CRITICAL+2.7,FIGHT_PROP_DEFENSE+86.0,FIGHT_PROP_DEFENSE_PERCENT+13.1
618867267,Amari,57,Best wishes~~,Venti,80,5,10,0,Favonius Warbow,70,4,1,4,5,4,6,16013.060546875,1053.9307861328125,729.6934814453125,20.9%,100.5%,181.0%,139,0.0%,0.0%,0.0%,0.0%,61.6%,0.0%,0.0%,0.0%,Viridescent Venerer x4,Viridescent Venerer,In Remembrance of Viridescent Fields,FIGHT_PROP_HP,4780.0,FIGHT_PROP_CRITICAL+5.8,FIGHT_PROP_CRITICAL_HURT+20.2,FIGHT_PROP_HP_PERCENT+4.1,FIGHT_PROP_DEFENSE+46.0,Viridescent Venerer,Viridescent Arrow Feather,FIGHT_PROP_ATTACK,311.0,FIGHT_PROP_CRITICAL_HURT+18.7,FIGHT_PROP_CRITICAL+10.1,FIGHT_PROP_DEFENSE_PERCENT+7.3,FIGHT_PROP_DEFENSE+21.0,Viridescent Venerer,Viridescent Venerer's Determination,FIGHT_PROP_ATTACK_PERCENT,7.0,FIGHT_PROP_CHARGE_EFFICIENCY+6.5,FIGHT_PROP_CRITICAL_HURT+6.2,FIGHT_PROP_HP_PERCENT+4.7,,Viridescent Venerer,Viridescent Venerer's Vessel,FIGHT_PROP_WIND_ADD_HURT,46.6,FIGHT_PROP_ATTACK_PERCENT+4.7,FIGHT_PROP_CRITICAL_HURT+5.4,FIGHT_PROP_ATTACK+49.0,FIGHT_PROP_HP+747.0,Viridescent Venerer,Viridescent Venerer's Diadem,FIGHT_PROP_ELEMENT_MASTERY,139.0,FIGHT_PROP_ATTACK_PERCENT+3.7,FIGHT_PROP_ATTACK+26.0,FIGHT_PROP_DEFENSE+30.0,FIGHT_PROP_HP+382.0
618867267,Amari,57,Best wishes~~,Diona,80,5,9,6,Favonius Warbow,70,4,2,4,3,11,8,"5,766",277,160,11.2%,89.6%,163.4%,40,15.0%,0.0%,0.0%,0.0%,0.0%,18.0%,0.0%,0.0%,Maiden Beloved x4,Maiden Beloved,Maiden's Distant Love,FIGHT_PROP_HP,4780.0,FIGHT_PROP_ELEMENT_MASTERY+40.0,FIGHT_PROP_HP_PERCENT+11.1,FIGHT_PROP_ATTACK+39.0,FIGHT_PROP_DEFENSE+37.0,Maiden Beloved,Maiden's Heart-Stricken Infatuation,FIGHT_PROP_ATTACK,205.0,FIGHT_PROP_HP_PERCENT+9.3,FIGHT_PROP_DEFENSE_PERCENT+7.3,FIGHT_PROP_CRITICAL_HURT+12.4,FIGHT_PROP_DEFENSE+21.0,Gladiator's Finale,Gladiator's Longing,FIGHT_PROP_HP_PERCENT,46.6,FIGHT_PROP_CHARGE_EFFICIENCY+13.0,FIGHT_PROP_CRITICAL_HURT+7.8,FIGHT_PROP_DEFENSE_PERCENT+5.8,FIGHT_PROP_DEFENSE+102.0,Maiden Beloved,Maiden's Fleeting Leisure,FIGHT_PROP_HP_PERCENT,46.6,FIGHT_PROP_CRITICAL+6.2,FIGHT_PROP_CRITICAL_HURT+19.4,FIGHT_PROP_ATTACK_PERCENT+9.9,FIGHT_PROP_HP+448.0,Maiden Beloved,Maiden's Fading Beauty,FIGHT_PROP_HP_PERCENT,44.6,FIGHT_PROP_HP+538.0,FIGHT_PROP_ATTACK+33.0,FIGHT_PROP_DEFENSE_PERCENT+12.4,FIGHT_PROP_ATTACK_PERCENT+4.7
618867267,Amari,57,Best wishes~~,Jean,70,4,9,1,Amenoma Kageuchi,80,5,1,4,1,1,6,"4,266",375,97,52.4%,85.0%,130.4%,114,11.1%,0.0%,0.0%,0.0%,15.0%,0.0%,0.0%,0.0%,Viridescent Venerer x4,Viridescent Venerer,In Remembrance of Viridescent Fields,FIGHT_PROP_HP,3967.0,FIGHT_PROP_ELEMENT_MASTERY+35.0,FIGHT_PROP_CRITICAL+2.7,FIGHT_PROP_DEFENSE+58.0,FIGHT_PROP_CRITICAL_HURT+5.4,Viridescent Venerer,Viridescent Arrow Feather,FIGHT_PROP_ATTACK,311.0,FIGHT_PROP_HP+299.0,FIGHT_PROP_CRITICAL+10.9,FIGHT_PROP_HP_PERCENT+5.3,FIGHT_PROP_CRITICAL_HURT+18.7,Viridescent Venerer,Viridescent Venerer's Determination,FIGHT_PROP_ATTACK_PERCENT,38.7,FIGHT_PROP_ATTACK+31.0,FIGHT_PROP_DEFENSE_PERCENT+5.1,FIGHT_PROP_CHARGE_EFFICIENCY+5.8,FIGHT_PROP_ELEMENT_MASTERY+79.0,Viridescent Venerer,Viridescent Venerer's Vessel,FIGHT_PROP_ATTACK_PERCENT,46.6,FIGHT_PROP_DEFENSE_PERCENT+10.9,FIGHT_PROP_CHARGE_EFFICIENCY+15.5,FIGHT_PROP_CRITICAL_HURT+10.9,FIGHT_PROP_CRITICAL+2.7,Emblem of Severed Fate,Ornate Kabuto,FIGHT_PROP_CRITICAL,31.1,FIGHT_PROP_ATTACK+33.0,FIGHT_PROP_CHARGE_EFFICIENCY+9.1,FIGHT_PROP_ATTACK_PERCENT+10.5,FIGHT_PROP_DEFENSE+39.0
618867267,Amari,57,Best wishes~~,Wriothesley,70,4,8,0,The Widsith,90,6,1,4,6,3,3,"5,318",342,58,42.7%,242.5%,100.0%,156,0.0%,0.0%,0.0%,0.0%,0.0%,46.6%,0.0%,0.0%,Marechaussee Hunter x4,Marechaussee Hunter,Hunter's Brooch,FIGHT_PROP_HP,4780.0,FIGHT_PROP_CRITICAL_HURT+7.0,FIGHT_PROP_CRITICAL+10.9,FIGHT_PROP_DEFENSE_PERCENT+18.2,FIGHT_PROP_ELEMENT_MASTERY+37.0,Marechaussee Hunter,Masterpiece's Overture,FIGHT_PROP_ATTACK,311.0,FIGHT_PROP_CRITICAL+2.7,FIGHT_PROP_DEFENSE+37.0,FIGHT_PROP_CRITICAL_HURT+19.4,FIGHT_PROP_ELEMENT_MASTERY+58.0,Marechaussee Hunter,Moment of Judgment,FIGHT_PROP_ATTACK_PERCENT,46.6,FIGHT_PROP_CRITICAL+6.2,FIGHT_PROP_CRITICAL_HURT+21.8,FIGHT_PROP_ATTACK+31.0,FIGHT_PROP_HP+538.0,Golden Troupe,Golden Night's Bustle,FIGHT_PROP_ICE_ADD_HURT,46.6,FIGHT_PROP_CRITICAL+10.9,FIGHT_PROP_CRITICAL_HURT+7.8,FIGHT_PROP_ATTACK_PERCENT+5.8,FIGHT_PROP_ELEMENT_MASTERY+61.0,Marechaussee Hunter,Veteran's Visage,FIGHT_PROP_CRITICAL_HURT,62.2,FIGHT_PROP_ATTACK_PERCENT+9.3,FIGHT_PROP_CRITICAL+7.0,FIGHT_PROP_DEFENSE+21.0,FIGHT_PROP_DEFENSE_PERCENT+18.2
618867267,Amari,57,Best wishes~~,Kamisato Ayato,70,4,5,0,Amenoma Kageuchi,90,6,2,4,1,6,4,"5,826",327,,43.5%,171.8%,138.2%,23,0.0%,0.0%,0.0%,61.6%,0.0%,0.0%,0.0%,0.0%,Heart of Depth x4,Heart of Depth,Gilded Corsage,FIGHT_PROP_HP,4780.0,FIGHT_PROP_CRITICAL_HURT+19.4,FIGHT_PROP_CHARGE_EFFICIENCY+6.5,FIGHT_PROP_HP_PERCENT+15.7,FIGHT_PROP_CRITICAL+3.9,Heart of Depth,Gust of Nostalgia,FIGHT_PROP_ATTACK,311.0,FIGHT_PROP_CRITICAL+9.3,FIGHT_PROP_CRITICAL_HURT+21.0,FIGHT_PROP_CHARGE_EFFICIENCY+4.5,FIGHT_PROP_HP+239.0,Heart of Depth,Copper Compass,FIGHT_PROP_ATTACK_PERCENT,46.6,FIGHT_PROP_CRITICAL+7.4,FIGHT_PROP_CHARGE_EFFICIENCY+22.0,FIGHT_PROP_ELEMENT_MASTERY+23.0,FIGHT_PROP_DEFENSE_PERCENT+7.3,Shimenawa's Reminiscence,Hopeful Heart,FIGHT_PROP_WATER_ADD_HURT,46.6,FIGHT_PROP_CHARGE_EFFICIENCY+5.2,FIGHT_PROP_HP+807.0,FIGHT_PROP_CRITICAL+10.5,FIGHT_PROP_HP_PERCENT+11.1,Heart of Depth,Wine-Stained Tricorne,FIGHT_PROP_CRITICAL_HURT,62.2,FIGHT_PROP_CRITICAL+7.4,FIGHT_PROP_HP_PERCENT+14.6,FIGHT_PROP_ATTACK+16.0,FIGHT_PROP_ATTACK_PERCENT+11.1
618867267,Amari,57,Best wishes~~,Mona,70,4,6,2,Eye of Perception,70,4,2,4,2,3,1,"3,454",309,109,8.5%,98.2%,203.0%,82,0.0%,0.0%,0.0%,94.3%,0.0%,0.0%,0.0%,0.0%,Heart of Depth x4,Heart of Depth,Gilded Corsage,FIGHT_PROP_HP,3155.0,FIGHT_PROP_DEFENSE+67.0,FIGHT_PROP_CHARGE_EFFICIENCY+5.8,FIGHT_PROP_ATTACK+16.0,FIGHT_PROP_CRITICAL_HURT+11.7,Heart of Depth,Gust of Nostalgia,FIGHT_PROP_ATTACK,258.0,FIGHT_PROP_ATTACK_PERCENT+5.8,FIGHT_PROP_CHARGE_EFFICIENCY+17.5,FIGHT_PROP_HP_PERCENT+9.9,FIGHT_PROP_ELEMENT_MASTERY+42.0,Heart of Depth,Copper Compass,FIGHT_PROP_CHARGE_EFFICIENCY,43.0,FIGHT_PROP_ELEMENT_MASTERY+40.0,FIGHT_PROP_DEFENSE+23.0,FIGHT_PROP_CRITICAL_HURT+21.0,FIGHT_PROP_DEFENSE_PERCENT+5.1,Viridescent Venerer,Viridescent Venerer's Vessel,FIGHT_PROP_WATER_ADD_HURT,38.7,FIGHT_PROP_ATTACK+19.0,FIGHT_PROP_DEFENSE+19.0,FIGHT_PROP_HP+299.0,FIGHT_PROP_CHARGE_EFFICIENCY+20.7,Heart of Depth,Wine-Stained Tricorne,FIGHT_PROP_HP_PERCENT,22.8,FIGHT_PROP_CRITICAL_HURT+15.5,FIGHT_PROP_DEFENSE_PERCENT+6.6,FIGHT_PROP_CRITICAL+3.5,FIGHT_PROP_ATTACK+16.0
618867267,Amari,57,Best wishes~~,Yun Jin,70,4,3,1,Prototype Starglitter,80,5,1,4,1,1,1,"3,149",119,76,15.9%,71.8%,172.1%,21,0.0%,0.0%,0.0%,0.0%,0.0%,0.0%,0.0%,0.0%,Nighttime Whispers in the Echoing Woods x4,Nighttime Whispers in the Echoing Woods,Selfless Floral Accessory,FIGHT_PROP_HP,2342.0,FIGHT_PROP_HP_PERCENT+15.2,FIGHT_PROP_CHARGE_EFFICIENCY+5.2,FIGHT_PROP_DEFENSE_PERCENT+5.1,FIGHT_PROP_DEFENSE+16.0,Nighttime Whispers in the Echoing Woods,Honest Quill,FIGHT_PROP_ATTACK,100.0,FIGHT_PROP_HP+299.0,FIGHT_PROP_CHARGE_EFFICIENCY+6.5,FIGHT_PROP_CRITICAL_HURT+15.5,FIGHT_PROP_DEFENSE+23.0,Nighttime Whispers in the Echoing Woods,Faithful Hourglass,FIGHT_PROP_DEFENSE_PERCENT,28.6,FIGHT_PROP_DEFENSE+37.0,FIGHT_PROP_ATTACK+19.0,FIGHT_PROP_ATTACK_PERCENT+5.3,FIGHT_PROP_CHARGE_EFFICIENCY+5.2,Nighttime Whispers in the Echoing Woods,Magnanimous Ink Bottle,FIGHT_PROP_DEFENSE_PERCENT,23.6,FIGHT_PROP_CRITICAL+7.0,FIGHT_PROP_ELEMENT_MASTERY+21.0,FIGHT_PROP_CRITICAL_HURT+6.2,FIGHT_PROP_HP+269.0,Obsidian Codex,Crown of the Saints,FIGHT_PROP_DEFENSE_PERCENT,28.6,FIGHT_PROP_CRITICAL+3.9,FIGHT_PROP_HP+239.0,FIGHT_PROP_HP_PERCENT+9.9,FIGHT_PROP_ATTACK_PERCENT+9.9
618867267,Amari,57,Best wishes~~,Shikanoin Heizou,70,4,5,1,Mappa Mare,60,3,1,4,3,6,3,717,18,19,5.0%,57.0%,105.2%,81,0.0%,0.0%,0.0%,0.0%,19.0%,0.0%,0.0%,0.0%,None,Viridescent Venerer,In Remembrance of Viridescent Fields,FIGHT_PROP_HP,717.0,FIGHT_PROP_HP_PERCENT+5.3,FIGHT_PROP_ATTACK+18.0,FIGHT_PROP_CRITICAL_HURT+7.0,FIGHT_PROP_DEFENSE+19.0,Deepwood Memories,Lamp of the Lost,FIGHT_PROP_WIND_ADD_HURT,7.0,FIGHT_PROP_CHARGE_EFFICIENCY+5.2,FIGHT_PROP_ATTACK_PERCENT+4.7,FIGHT_PROP_HP_PERCENT+5.3,,,,,,,,,,,,,,,,,,,,,,,,,
618867267,Amari,57,Best wishes~~,Skirk,70,4,2,0,Finale of the Deep,80,5,1,4,1,6,4,15470.1142578125,1875.967041015625,660.8131713867188,46.6%,121.3%,138.2%,89,0.0%,0.0%,0.0%,0.0%,0.0%,45.8%,0.0%,0.0%,Finale of the Deep Galleries x2,Finale of the Deep Galleries,Deep Gallery's Echoing Song,FIGHT_PROP_HP,4780.0,FIGHT_PROP_ATTACK_PERCENT+9.9,FIGHT_PROP_ELEMENT_MASTERY+47.0,FIGHT_PROP_CHARGE_EFFICIENCY+11.0,FIGHT_PROP_CRITICAL_HURT+13.2,Gladiator's Finale,Gladiator's Destiny,FIGHT_PROP_ATTACK,258.0,FIGHT_PROP_HP+508.0,FIGHT_PROP_ATTACK_PERCENT+11.1,FIGHT_PROP_CRITICAL_HURT+6.2,FIGHT_PROP_CRITICAL+10.5,Finale of the Deep Galleries,Deep Gallery's Moment of Oblivion,FIGHT_PROP_ATTACK_PERCENT,40.7,FIGHT_PROP_ATTACK+31.0,FIGHT_PROP_HP+239.0,FIGHT_PROP_ELEMENT_MASTERY+42.0,FIGHT_PROP_CRITICAL_HURT+13.2,Finale of the Deep Galleries,Deep Gallery's Bestowed Banquet,FIGHT_PROP_ICE_ADD_HURT,30.8,FIGHT_PROP_ATTACK_PERCENT+5.8,FIGHT_PROP_HP_PERCENT+4.7,FIGHT_PROP_CHARGE_EFFICIENCY+9.7,FIGHT_PROP_DEFENSE+44.0,Blizzard Strayer,Broken Rime's Echo,FIGHT_PROP_CRITICAL,31.1,FIGHT_PROP_ATTACK_PERCENT+11.1,FIGHT_PROP_CHARGE_EFFICIENCY+17.5,FIGHT_PROP_CRITICAL_HURT+19.4,FIGHT_PROP_ATTACK+16.0
618867267,Amari,57,Best wishes~~,Fischl,70,4,8,6,The Stringless,90,6,2,4,1,7,7,"6,058",360,116,52.0%,81.1%,111.7%,280,0.0%,0.0%,0.0%,0.0%,0.0%,0.0%,46.6%,0.0%,Golden Troupe x4,Golden Troupe,Golden Song's Variation,FIGHT_PROP_HP,3967.0,FIGHT_PROP_CRITICAL+8.9,FIGHT_PROP_CHARGE_EFFICIENCY+5.8,FIGHT_PROP_ATTACK+19.0,FIGHT_PROP_ATTACK_PERCENT+9.3,Golden Troupe,Golden Bird's Shedding,FIGHT_PROP_ATTACK,311.0,FIGHT_PROP_CRITICAL_HURT+18.7,FIGHT_PROP_DEFENSE+63.0,FIGHT_PROP_ELEMENT_MASTERY+40.0,FIGHT_PROP_HP+239.0,Golden Troupe,Golden Era's Prelude,FIGHT_PROP_ATTACK_PERCENT,46.6,FIGHT_PROP_CRITICAL_HURT+5.4,FIGHT_PROP_HP_PERCENT+5.3,FIGHT_PROP_DEFENSE+53.0,FIGHT_PROP_HP+837.0,Golden Troupe,Golden Night's Bustle,FIGHT_PROP_ELEC_ADD_HURT,46.6,FIGHT_PROP_ELEMENT_MASTERY+58.0,FIGHT_PROP_CRITICAL+7.0,FIGHT_PROP_CHARGE_EFFICIENCY+5.8,FIGHT_PROP_DEFENSE_PERCENT+10.9,Marechaussee Hunter,Veteran's Visage,FIGHT_PROP_CRITICAL,31.1,FIGHT_PROP_HP+1016.0,FIGHT_PROP_ATTACK+29.0,FIGHT_PROP_ELEMENT_MASTERY+16.0,FIGHT_PROP_CRITICAL_HURT+7.0
618867267,Amari,57,Best wishes~~,Charlotte,70,4,6,2,Eye of Perception,70,4,1,4,1,1,4,"3,902",305,42,31.4%,89.6%,161.1%,75,23.7%,0.0%,0.0%,0.0%,0.0%,0.0%,0.0%,0.0%,Golden Troupe x4,Golden Troupe,Golden Song's Variation,FIGHT_PROP_HP,3155.0,FIGHT_PROP_CRITICAL_HURT+13.2,FIGHT_PROP_ATTACK+47.0,FIGHT_PROP_DEFENSE_PERCENT+7.3,FIGHT_PROP_CRITICAL+3.5,Golden Troupe,Golden Bird's Shedding,FIGHT_PROP_ATTACK,258.0,FIGHT_PROP_CHARGE_EFFICIENCY+18.1,FIGHT_PROP_ELEMENT_MASTERY+40.0,FIGHT_PROP_ATTACK_PERCENT+4.1,FIGHT_PROP_CRITICAL+7.0,Nymph's Dream,Nymph's Constancy,FIGHT_PROP_CHARGE_EFFICIENCY,43.0,FIGHT_PROP_HP+209.0,FIGHT_PROP_ELEMENT_MASTERY+35.0,FIGHT_PROP_CRITICAL_HURT+13.2,FIGHT_PROP_ATTACK_PERCENT+9.9,Golden Troupe,Golden Night's Bustle,FIGHT_PROP_ATTACK_PERCENT,38.7,FIGHT_PROP_CRITICAL+9.3,FIGHT_PROP_HP+269.0,FIGHT_PROP_CRITICAL_HURT+13.2,FIGHT_PROP_DEFENSE_PERCENT+7.3,Golden Troupe,Golden Troupe's Reward,FIGHT_PROP_HEAL_ADD,23.7,FIGHT_PROP_HP+269.0,FIGHT_PROP_DEFENSE+42.0,FIGHT_PROP_CRITICAL+6.6,FIGHT_PROP_ATTACK_PERCENT+4.1
618867267,Amari,57,Best wishes~~,Beidou,70,4,6,4,Skyward Pride,70,4,1,5,3,7,4,"4,684",347,76,39.5%,105.2%,166.5%,82,0.0%,0.0%,0.0%,0.0%,0.0%,0.0%,42.8%,0.0%,Gladiator's Finale x2 + Emblem of Severed Fate x2,Gladiator's Finale,Gladiator's Nostalgia,FIGHT_PROP_HP,3967.0,FIGHT_PROP_DEFENSE+44.0,FIGHT_PROP_CRITICAL_HURT+14.0,FIGHT_PROP_CRITICAL+7.4,FIGHT_PROP_ELEMENT_MASTERY+37.0,Emblem of Severed Fate,Sundered Feather,FIGHT_PROP_ATTACK,258.0,FIGHT_PROP_HP_PERCENT+11.7,FIGHT_PROP_ELEMENT_MASTERY+21.0,FIGHT_PROP_CHARGE_EFFICIENCY+10.4,FIGHT_PROP_CRITICAL_HURT+11.7,Emblem of Severed Fate,Storm Cage,FIGHT_PROP_ATTACK_PERCENT,14.9,FIGHT_PROP_ELEMENT_MASTERY+23.0,FIGHT_PROP_CHARGE_EFFICIENCY+5.8,FIGHT_PROP_CRITICAL_HURT+7.0,FIGHT_PROP_HP+269.0,Gladiator's Finale,Gladiator's Intoxication,FIGHT_PROP_ELEC_ADD_HURT,30.8,FIGHT_PROP_ATTACK+37.0,FIGHT_PROP_ATTACK_PERCENT+4.1,FIGHT_PROP_HP+448.0,FIGHT_PROP_CRITICAL_HURT+7.0,Pale Flame,Mocking Mask,FIGHT_PROP_CRITICAL,27.1,FIGHT_PROP_ATTACK+53.0,FIGHT_PROP_ATTACK_PERCENT+4.1,FIGHT_PROP_DEFENSE+32.0,FIGHT_PROP_CRITICAL_HURT+15.5
618867267,Amari,57,Best wishes~~,Collei,70,4,7,3,Favonius Warbow,70,4,3,4,1,7,4,"4,983",320,76,28.2%,103.8%,193.5%,32,0.0%,0.0%,0.0%,0.0%,0.0%,0.0%,0.0%,53.7%,Deepwood Memories x4,Deepwood Memories,Labyrinth Wayfarer,FIGHT_PROP_HP,3967.0,FIGHT_PROP_HP_PERCENT+8.2,FIGHT_PROP_ATTACK+43.0,FIGHT_PROP_ATTACK_PERCENT+5.8,FIGHT_PROP_CRITICAL_HURT+7.0,Deepwood Memories,Scholar of Vines,FIGHT_PROP_ATTACK,258.0,FIGHT_PROP_ATTACK_PERCENT+14.0,FIGHT_PROP_DEFENSE+39.0,FIGHT_PROP_HP_PERCENT+5.8,FIGHT_PROP_CRITICAL_HURT+6.2,Deepwood Memories,A Time of Insight,FIGHT_PROP_CHARGE_EFFICIENCY,43.0,FIGHT_PROP_CRITICAL_HURT+15.5,FIGHT_PROP_DEFENSE_PERCENT+5.8,FIGHT_PROP_HP+478.0,FIGHT_PROP_DEFENSE+37.0,Gilded Dreams,Honeyed Final Feast,FIGHT_PROP_GRASS_ADD_HURT,38.7,FIGHT_PROP_CRITICAL_HURT+13.2,FIGHT_PROP_HP+299.0,FIGHT_PROP_ATTACK+19.0,FIGHT_PROP_DEFENSE_PERCENT+18.2,Deepwood Memories,Laurel Coronet,FIGHT_PROP_CRITICAL,23.2,FIGHT_PROP_HP_PERCENT+4.2,FIGHT_PROP_CRITICAL_HURT+11.8,FIGHT_PROP_ELEMENT_MASTERY+32.0,FIGHT_PROP_HP+239.0
618867267,Amari,57,Best wishes~~,Barbara,70,4,1,2,Ballad of the Boundless Blue,60,3,1,4,1,1,1,"5,079",119,62,17.0%,57.8%,167.2%,56,0.0%,0.0%,0.0%,0.0%,0.0%,0.0%,0.0%,0.0%,Emblem of Severed Fate x2,Nighttime Whispers in the Echoing Woods,Selfless Floral Accessory,FIGHT_PROP_HP,4780.0,FIGHT_PROP_CHARGE_EFFICIENCY+9.7,FIGHT_PROP_CRITICAL+6.2,FIGHT_PROP_HP_PERCENT+9.3,FIGHT_PROP_ATTACK_PERCENT+9.9,Emblem of Severed Fate,Sundered Feather,FIGHT_PROP_ATTACK,100.0,FIGHT_PROP_ELEMENT_MASTERY+16.0,FIGHT_PROP_CHARGE_EFFICIENCY+5.8,FIGHT_PROP_CRITICAL+3.1,FIGHT_PROP_ATTACK_PERCENT+4.7,Emblem of Severed Fate,Storm Cage,FIGHT_PROP_HP_PERCENT,7.0,FIGHT_PROP_DEFENSE+23.0,FIGHT_PROP_CHARGE_EFFICIENCY+4.5,FIGHT_PROP_HP+299.0,,Marechaussee Hunter,Forgotten Vessel,FIGHT_PROP_HP_PERCENT,7.0,FIGHT_PROP_ELEMENT_MASTERY+19.0,FIGHT_PROP_CRITICAL+2.7,FIGHT_PROP_DEFENSE+21.0,FIGHT_PROP_ATTACK+19.0,Scroll of the Hero of Cinder City,Demon-Warrior's Feather Mask,FIGHT_PROP_HP_PERCENT,7.0,FIGHT_PROP_CHARGE_EFFICIENCY+4.5,FIGHT_PROP_DEFENSE+19.0,FIGHT_PROP_ELEMENT_MASTERY+21.0,FIGHT_PROP_CRITICAL_HURT+7.8
618867267,Amari,57,Best wishes~~,Chevreuse,70,4,5,4,Favonius Lance,70,4,2,4,1,8,3,"4,983",240,123,20.2%,50.0%,146.6%,42,15.0%,0.0%,0.0%,0.0%,0.0%,0.0%,0.0%,0.0%,Song of Days Past x4,Song of Days Past,Forgotten Oath of Days Past,FIGHT_PROP_HP,3967.0,FIGHT_PROP_HP_PERCENT+4.1,FIGHT_PROP_CRITICAL+5.4,FIGHT_PROP_ATTACK_PERCENT+9.3,FIGHT_PROP_DEFENSE+35.0,Song of Days Past,Recollection of Days Past,FIGHT_PROP_ATTACK,205.0,FIGHT_PROP_ATTACK_PERCENT+8.7,FIGHT_PROP_CRITICAL+2.7,FIGHT_PROP_CHARGE_EFFICIENCY+5.2,FIGHT_PROP_DEFENSE+46.0,Emblem of Severed Fate,Storm Cage,FIGHT_PROP_HP_PERCENT,40.7,FIGHT_PROP_CRITICAL+7.0,FIGHT_PROP_ATTACK+35.0,FIGHT_PROP_ATTACK_PERCENT+11.1,FIGHT_PROP_HP+269.0,Song of Days Past,Promised Dream of Days Past,FIGHT_PROP_HP_PERCENT,42.7,FIGHT_PROP_CHARGE_EFFICIENCY+16.2,FIGHT_PROP_DEFENSE_PERCENT+11.7,FIGHT_PROP_ELEMENT_MASTERY+42.0,FIGHT_PROP_DEFENSE+21.0,Song of Days Past,Poetry of Days Past,FIGHT_PROP_HP_PERCENT,38.7,FIGHT_PROP_ATTACK_PERCENT+5.3,FIGHT_PROP_DEFENSE_PERCENT+12.4,FIGHT_PROP_DEFENSE+21.0,FIGHT_PROP_HP+747.0
618867267,Amari,57,Best wishes~~,Yanfei,70,4,7,1,Solar Pearl,80,5,1,4,6,2,2,"3,967",393,90,67.8%,102.8%,150.5%,222,0.0%,0.0%,58.6%,0.0%,0.0%,0.0%,0.0%,0.0%,Wanderer's Troupe x4,Wanderer's Troupe,Troupe's Dawnlight,FIGHT_PROP_HP,3967.0,FIGHT_PROP_ELEMENT_MASTERY+42.0,FIGHT_PROP_CRITICAL_HURT+21.0,FIGHT_PROP_ATTACK+14.0,FIGHT_PROP_DEFENSE+39.0,Wanderer's Troupe,Bard's Arrow Feather,FIGHT_PROP_ATTACK,311.0,FIGHT_PROP_CHARGE_EFFICIENCY+16.8,FIGHT_PROP_ELEMENT_MASTERY+40.0,FIGHT_PROP_CRITICAL_HURT+7.8,FIGHT_PROP_CRITICAL+6.6,Wanderer's Troupe,Concert's Final Hour,FIGHT_PROP_ATTACK_PERCENT,46.6,FIGHT_PROP_HP_PERCENT+4.7,FIGHT_PROP_ATTACK+68.0,FIGHT_PROP_CRITICAL_HURT+6.2,FIGHT_PROP_DEFENSE+35.0,Wanderer's Troupe,Wanderer's String-Kettle,FIGHT_PROP_FIRE_ADD_HURT,46.6,FIGHT_PROP_HP_PERCENT+14.6,FIGHT_PROP_CRITICAL_HURT+12.4,FIGHT_PROP_CHARGE_EFFICIENCY+15.5,FIGHT_PROP_DEFENSE+16.0,Golden Troupe,Golden Troupe's Reward,FIGHT_PROP_CRITICAL,31.1,FIGHT_PROP_ELEMENT_MASTERY+61.0,FIGHT_PROP_CHARGE_EFFICIENCY+18.1,FIGHT_PROP_HP_PERCENT+5.3,FIGHT_PROP_CRITICAL_HURT+5.4
618867267,Amari,57,Best wishes~~,Yelan,60,3,1,0,Sacrificial Bow,70,4,1,4,1,4,4,"3,561",327,60,28.6%,111.7%,145.2%,119,0.0%,0.0%,0.0%,46.6%,0.0%,0.0%,0.0%,0.0%,Emblem of Severed Fate x4,Emblem of Severed Fate,Magnificent Tsuba,FIGHT_PROP_HP,2545.0,FIGHT_PROP_ATTACK_PERCENT+5.8,FIGHT_PROP_CRITICAL+6.6,FIGHT_PROP_ELEMENT_MASTERY+16.0,FIGHT_PROP_HP_PERCENT+9.3,Emblem of Severed Fate,Sundered Feather,FIGHT_PROP_ATTACK,311.0,FIGHT_PROP_ELEMENT_MASTERY+40.0,FIGHT_PROP_HP+777.0,FIGHT_PROP_HP_PERCENT+9.3,FIGHT_PROP_CRITICAL_HURT+11.7,Emblem of Severed Fate,Storm Cage,FIGHT_PROP_HP_PERCENT,7.0,FIGHT_PROP_ATTACK_PERCENT+4.1,FIGHT_PROP_HP+239.0,FIGHT_PROP_ATTACK+16.0,FIGHT_PROP_CRITICAL+3.5,Marechaussee Hunter,Forgotten Vessel,FIGHT_PROP_WATER_ADD_HURT,46.6,FIGHT_PROP_ELEMENT_MASTERY+63.0,FIGHT_PROP_CRITICAL_HURT+11.7,FIGHT_PROP_DEFENSE+39.0,FIGHT_PROP_ATTACK_PERCENT+10.5,Emblem of Severed Fate,Ornate Kabuto,FIGHT_PROP_CRITICAL_HURT,38.4,FIGHT_PROP_DEFENSE+21.0,FIGHT_PROP_CRITICAL+3.9,FIGHT_PROP_ATTACK_PERCENT+5.8,FIGHT_PROP_HP_PERCENT+14.6
618867267,Amari,57,Best wishes~~,Iansan,50,2,1,0,Favonius Lance,60,3,1,4,1,2,2,"3,967",78,21,15.1%,92.7%,139.4%,40,0.0%,0.0%,0.0%,0.0%,0.0%,0.0%,0.0%,0.0%,Scroll of the Hero of Cinder City x4,Marechaussee Hunter,Hunter's Brooch,FIGHT_PROP_HP,3967.0,FIGHT_PROP_ATTACK+31.0,FIGHT_PROP_CRITICAL+6.6,FIGHT_PROP_CRITICAL_HURT+20.2,FIGHT_PROP_CHARGE_EFFICIENCY+6.5,Scroll of the Hero of Cinder City,Mountain Ranger's Marker,FIGHT_PROP_ATTACK,47.0,FIGHT_PROP_CHARGE_EFFICIENCY+4.5,FIGHT_PROP_CRITICAL+3.5,FIGHT_PROP_ATTACK_PERCENT+4.1,,Scroll of the Hero of Cinder City,Mystic's Gold Dial,FIGHT_PROP_ATTACK_PERCENT,7.0,FIGHT_PROP_CRITICAL_HURT+7.8,FIGHT_PROP_ELEMENT_MASTERY+16.0,FIGHT_PROP_HP_PERCENT+5.8,,Scroll of the Hero of Cinder City,Wandering Scholar's Claw Cup,FIGHT_PROP_ATTACK_PERCENT,7.0,FIGHT_PROP_CRITICAL_HURT+7.0,FIGHT_PROP_DEFENSE+21.0,FIGHT_PROP_DEFENSE_PERCENT+5.1,FIGHT_PROP_ELEMENT_MASTERY+23.0,Scroll of the Hero of Cinder City,Demon-Warrior's Feather Mask,FIGHT_PROP_ATTACK_PERCENT,7.0,FIGHT_PROP_DEFENSE_PERCENT+5.1,FIGHT_PROP_CHARGE_EFFICIENCY+5.8,FIGHT_PROP_CRITICAL_HURT+7.8,
618867267,Amari,57,Best wishes~~,Kujou Sara,50,3,1,6,Hunter's Bow,1,0,1,1,1,4,4,"1,255",65,,5.0%,50.0%,111.0%,70,0.0%,0.0%,0.0%,0.0%,0.0%,0.0%,0.0%,15.0%,Deepwood Memories x2,Deepwood Memories,Labyrinth Wayfarer,FIGHT_PROP_HP,717.0,FIGHT_PROP_ELEMENT_MASTERY+21.0,FIGHT_PROP_CHARGE_EFFICIENCY+5.2,FIGHT_PROP_ATTACK+18.0,,Deepwood Memories,Scholar of Vines,FIGHT_PROP_ATTACK,47.0,FIGHT_PROP_HP+239.0,FIGHT_PROP_HP_PERCENT+4.7,FIGHT_PROP_ELEMENT_MASTERY+21.0,,Deepwood Memories,A Time of Insight,FIGHT_PROP_ELEMENT_MASTERY,28.0,FIGHT_PROP_HP+299.0,FIGHT_PROP_CHARGE_EFFICIENCY+5.8,FIGHT_PROP_DEFENSE_PERCENT+5.8,,,,,,,,,,,,,,,,,
618867267,Amari,57,Best wishes~~,Layla,20,1,1,1,Dull Blade,1,0,1,1,1,1,1,,,,5.0%,50.0%,100.0%,0,0.0%,0.0%,0.0%,0.0%,0.0%,0.0%,0.0%,0.0%,None,,,,,,,,,,,,,,,,,,,,,,,,,,,,,,,,,,,,,,,,
618867267,Amari,57,Best wishes~~,Tighnari,1,0,1,0,Hunter's Bow,1,0,1,1,1,1,1,"4,684",199,39,14.9%,92.7%,100.0%,129,0.0%,0.0%,0.0%,0.0%,0.0%,0.0%,0.0%,14.9%,Wanderer's Troupe x4,Emblem of Severed Fate,Magnificent Tsuba,FIGHT_PROP_HP,3967.0,FIGHT_PROP_CRITICAL_HURT+7.8,FIGHT_PROP_ELEMENT_MASTERY+16.0,FIGHT_PROP_ATTACK_PERCENT+10.5,FIGHT_PROP_HP_PERCENT+13.4,Wanderer's Troupe,Bard's Arrow Feather,FIGHT_PROP_ATTACK,152.0,FIGHT_PROP_ATTACK_PERCENT+5.3,FIGHT_PROP_CRITICAL_HURT+13.2,FIGHT_PROP_HP+209.0,FIGHT_PROP_ELEMENT_MASTERY+33.0,Wanderer's Troupe,Concert's Final Hour,FIGHT_PROP_ATTACK_PERCENT,14.9,FIGHT_PROP_ATTACK+14.0,FIGHT_PROP_CRITICAL_HURT+7.0,FIGHT_PROP_HP+209.0,FIGHT_PROP_DEFENSE+23.0,Wanderer's Troupe,Wanderer's String-Kettle,FIGHT_PROP_GRASS_ADD_HURT,14.9,FIGHT_PROP_CRITICAL_HURT+7.8,FIGHT_PROP_ATTACK+16.0,FIGHT_PROP_DEFENSE+16.0,FIGHT_PROP_HP_PERCENT+5.3,Wanderer's Troupe,Conductor's Top Hat,FIGHT_PROP_CRITICAL,9.9,FIGHT_PROP_DEFENSE_PERCENT+5.8,FIGHT_PROP_CRITICAL_HURT+7.0,FIGHT_PROP_HP+299.0,FIGHT_PROP_ATTACK+18.0
618867267,Amari,57,Best wishes~~,Kuki Shinobu,50,2,3,5,Kagotsurube Isshin,1,0,1,4,1,4,4,956,65,23,7.7%,71.0%,105.8%,279,0.0%,0.0%,0.0%,0.0%,0.0%,0.0%,0.0%,0.0%,Gilded Dreams x2 + Wanderer's Troupe x2,Gilded Dreams,Dreaming Steelbloom,FIGHT_PROP_HP,717.0,FIGHT_PROP_CRITICAL+2.7,FIGHT_PROP_DEFENSE_PERCENT+7.3,FIGHT_PROP_ATTACK+18.0,FIGHT_PROP_ELEMENT_MASTERY+16.0,Gilded Dreams,Feather of Judgment,FIGHT_PROP_ATTACK,47.0,FIGHT_PROP_CRITICAL_HURT+5.4,FIGHT_PROP_ELEMENT_MASTERY+19.0,FIGHT_PROP_HP_PERCENT+4.7,,Wanderer's Troupe,Concert's Final Hour,FIGHT_PROP_ELEMENT_MASTERY,28.0,FIGHT_PROP_HP+239.0,FIGHT_PROP_CRITICAL_HURT+7.8,FIGHT_PROP_HP_PERCENT+5.8,,Flower of Paradise Lost,Secret-Keeper's Magic Bottle,FIGHT_PROP_ELEMENT_MASTERY,28.0,FIGHT_PROP_HP_PERCENT+4.7,FIGHT_PROP_CRITICAL_HURT+7.8,FIGHT_PROP_DEFENSE_PERCENT+7.3,,Wanderer's Troupe,Conductor's Top Hat,FIGHT_PROP_ELEMENT_MASTERY,28.0,FIGHT_PROP_CHARGE_EFFICIENCY+5.8,FIGHT_PROP_DEFENSE+23.0,FIGHT_PROP_HP_PERCENT+5.8,
618867267,Amari,57,Best wishes~~,Chongyun,50,3,1,0,Waster Greatsword,1,0,1,1,1,1,1,"1,739",114,,18.2%,61.7%,110.4%,183,0.0%,0.0%,0.0%,0.0%,0.0%,0.0%,0.0%,0.0%,Gilded Dreams x4,Gilded Dreams,Dreaming Steelbloom,FIGHT_PROP_HP,1530.0,FIGHT_PROP_CHARGE_EFFICIENCY+5.2,FIGHT_PROP_CRITICAL+3.5,FIGHT_PROP_ELEMENT_MASTERY+16.0,FIGHT_PROP_DEFENSE_PERCENT+5.8,Gilded Dreams,Feather of Judgment,FIGHT_PROP_ATTACK,100.0,FIGHT_PROP_ATTACK_PERCENT+5.8,FIGHT_PROP_ELEMENT_MASTERY+42.0,FIGHT_PROP_CRITICAL+2.7,FIGHT_PROP_DEFENSE_PERCENT+5.8,Desert Pavilion Chronicle,Timepiece of the Lost Path,FIGHT_PROP_ELEMENT_MASTERY,28.0,FIGHT_PROP_HP+209.0,FIGHT_PROP_ATTACK_PERCENT+4.1,FIGHT_PROP_CHARGE_EFFICIENCY+5.2,,Gilded Dreams,Honeyed Final Feast,FIGHT_PROP_ATTACK_PERCENT,7.0,FIGHT_PROP_ELEMENT_MASTERY+16.0,FIGHT_PROP_CRITICAL+3.1,FIGHT_PROP_CRITICAL_HURT+6.2,,Gilded Dreams,Shadow of the Sand King,FIGHT_PROP_HP_PERCENT,7.0,FIGHT_PROP_DEFENSE_PERCENT+6.6,FIGHT_PROP_ATTACK+14.0,FIGHT_PROP_CRITICAL+3.9,FIGHT_PROP_CRITICAL_HURT+5.4
618867267,Amari,57,Best wishes~~,Keqing,21,1,1,3,Favonius Sword,1,0,1,4,1,1,4,"2,181",100,,8.9%,69.4%,123.0%,46,0.0%,33.7%,0.0%,0.0%,0.0%,0.0%,0.0%,0.0%,Pale Flame x2,Pale Flame,Stainless Bloom,FIGHT_PROP_HP,1733.0,FIGHT_PROP_CHARGE_EFFICIENCY+5.2,FIGHT_PROP_ELEMENT_MASTERY+21.0,FIGHT_PROP_CRITICAL_HURT+6.2,FIGHT_PROP_HP_PERCENT+4.1,Pale Flame,Wise Doctor's Pinion,FIGHT_PROP_ATTACK,100.0,FIGHT_PROP_CRITICAL_HURT+6.2,FIGHT_PROP_HP+239.0,FIGHT_PROP_CRITICAL+3.9,FIGHT_PROP_DEFENSE_PERCENT+5.8,Pale Flame,Moment of Cessation,FIGHT_PROP_ELEMENT_MASTERY,25.0,FIGHT_PROP_ATTACK_PERCENT+3.7,FIGHT_PROP_HP_PERCENT+4.7,,,Marechaussee Hunter,Forgotten Vessel,FIGHT_PROP_PHYSICAL_ADD_HURT,8.7,FIGHT_PROP_CRITICAL_HURT+7.0,FIGHT_PROP_HP+209.0,FIGHT_PROP_HP_PERCENT+4.1,FIGHT_PROP_CHARGE_EFFICIENCY+4.5,,,,,,,,
618867267,Amari,57,Best wishes~~,Illuga,20,1,1,0,Beginner's Protector,1,0,1,1,1,1,1,,,,5.0%,50.0%,100.0%,0,0.0%,0.0%,0.0%,0.0%,0.0%,0.0%,0.0%,0.0%,None,,,,,,,,,,,,,,,,,,,,,,,,,,,,,,,,,,,,,,,,
618867267,Amari,57,Best wishes~~,Kirara,20,1,1,0,Dull Blade,1,0,1,1,1,1,1,,,,5.0%,50.0%,100.0%,0,0.0%,0.0%,0.0%,0.0%,0.0%,0.0%,0.0%,0.0%,None,,,,,,,,,,,,,,,,,,,,,,,,,,,,,,,,,,,,,,,,
618867267,Amari,57,Best wishes~~,Aino,20,1,1,0,Waster Greatsword,1,0,1,1,1,1,1,,,,5.0%,50.0%,100.0%,0,0.0%,0.0%,0.0%,0.0%,0.0%,0.0%,0.0%,0.0%,None,,,,,,,,,,,,,,,,,,,,,,,,,,,,,,,,,,,,,,,,
618867267,Amari,57,Best wishes~~,Dahlia,20,1,1,2,Dull Blade,1,0,1,1,1,1,1,,,,5.0%,50.0%,100.0%,0,0.0%,0.0%,0.0%,0.0%,0.0%,0.0%,0.0%,0.0%,None,,,,,,,,,,,,,,,,,,,,,,,,,,,,,,,,,,,,,,,,
618867267,Amari,57,Best wishes~~,Prune,20,0,1,1,Apprentice's Notes,1,0,1,1,1,1,1,,,,5.0%,50.0%,100.0%,0,0.0%,0.0%,0.0%,0.0%,0.0%,0.0%,0.0%,0.0%,None,,,,,,,,,,,,,,,,,,,,,,,,,,,,,,,,,,,,,,,,
618867267,Amari,57,Best wishes~~,Ningguang,60,3,2,4,Apprentice's Notes,1,0,1,1,4,3,7,956,65,19,8.1%,63.2%,111.7%,19,0.0%,0.0%,0.0%,0.0%,0.0%,0.0%,0.0%,0.0%,Shimenawa's Reminiscence x2,Shimenawa's Reminiscence,Entangling Bloom,FIGHT_PROP_HP,717.0,FIGHT_PROP_ATTACK+18.0,FIGHT_PROP_CRITICAL_HURT+7.0,FIGHT_PROP_HP_PERCENT+4.7,FIGHT_PROP_CHARGE_EFFICIENCY+5.2,Gladiator's Finale,Gladiator's Destiny,FIGHT_PROP_ATTACK,47.0,FIGHT_PROP_HP_PERCENT+4.1,FIGHT_PROP_CHARGE_EFFICIENCY+6.5,FIGHT_PROP_ATTACK_PERCENT+5.3,,Shimenawa's Reminiscence,Morning Dew's Moment,FIGHT_PROP_ATTACK_PERCENT,7.0,FIGHT_PROP_ELEMENT_MASTERY+19.0,FIGHT_PROP_CRITICAL+3.1,FIGHT_PROP_CRITICAL_HURT+6.2,,Shimenawa's Reminiscence,Hopeful Heart,FIGHT_PROP_ROCK_ADD_HURT,7.0,FIGHT_PROP_HP+239.0,FIGHT_PROP_DEFENSE_PERCENT+6.6,FIGHT_PROP_DEFENSE+19.0,,,,,,,,,
618867267,Amari,57,Best wishes~~,Aether,50,3,1,0,Toukabou Shigure,70,4,5,4,1,1,1,"4,445",183,42,19.4%,85.4%,116.2%,476,0.0%,0.0%,0.0%,0.0%,0.0%,0.0%,0.0%,6.3%,Gilded Dreams x4,Gilded Dreams,Dreaming Steelbloom,FIGHT_PROP_HP,3967.0,FIGHT_PROP_DEFENSE+23.0,FIGHT_PROP_CRITICAL+7.0,FIGHT_PROP_ELEMENT_MASTERY+37.0,FIGHT_PROP_ATTACK+31.0,Gilded Dreams,Feather of Judgment,FIGHT_PROP_ATTACK,152.0,FIGHT_PROP_DEFENSE+19.0,FIGHT_PROP_CHARGE_EFFICIENCY+9.7,FIGHT_PROP_ELEMENT_MASTERY+44.0,FIGHT_PROP_CRITICAL_HURT+7.8,Husk of Opulent Dreams,Song of Life,FIGHT_PROP_ELEMENT_MASTERY,123.0,FIGHT_PROP_HP+478.0,FIGHT_PROP_HP_PERCENT+11.1,FIGHT_PROP_CRITICAL+7.4,FIGHT_PROP_CRITICAL_HURT+7.8,Gilded Dreams,Honeyed Final Feast,FIGHT_PROP_GRASS_ADD_HURT,6.3,FIGHT_PROP_ELEMENT_MASTERY+15.0,FIGHT_PROP_ATTACK_PERCENT+4.2,,,Gilded Dreams,Shadow of the Sand King,FIGHT_PROP_CRITICAL_HURT,19.9,FIGHT_PROP_ATTACK_PERCENT+5.8,FIGHT_PROP_CHARGE_EFFICIENCY+6.5,FIGHT_PROP_DEFENSE_PERCENT+7.3,FIGHT_PROP_ELEMENT_MASTERY+40.0
